URL,Version,Status,OIDs,Name,Title,Description,Uses,Used,Sources
http://hl7.org/fhir/ValueSet/body-site,4.0.1,draft,"2.16.840.1.113883.4.642.3.141",SNOMEDCTBodyStructures,SNOMED CT Body Structures,"This value set includes all codes from [SNOMED CT](http://snomed.info/sct) where concept is-a 442083009 (Anatomical or acquired body site (body structure)).","StructureDefinition/mii-pr-labor-laboranforderung,StructureDefinition/mii-pr-labor-laboruntersuchung","SCT"
http://hl7.org/fhir/ValueSet/clinical-findings,4.0.1,draft,"2.16.840.1.113883.4.642.3.232",SNOMEDCTClinicalFindings,SNOMED CT Clinical Findings,"This value set includes all the ""Clinical finding"" [SNOMED CT](http://snomed.info/sct) codes - concepts where concept is-a 404684003 (Clinical finding (finding)).","StructureDefinition/mii-pr-labor-laborbefund","SCT"
http://hl7.org/fhir/ValueSet/common-tags,4.0.1,draft,"2.16.840.1.113883.4.642.3.79",CommonTags,Common Tags,"Common Tag Codes defined by FHIR project","StructureDefinition/mii-pr-labor-laboranforderung,StructureDefinition/mii-pr-labor-laborbefund,StructureDefinition/mii-pr-labor-laboruntersuchung","THO"
http://hl7.org/fhir/ValueSet/data-absent-reason,4.0.1,active,"2.16.840.1.113883.4.642.3.5",DataAbsentReason,DataAbsentReason,"Used to specify why the normally expected content of the data element is missing.","StructureDefinition/mii-pr-labor-laboruntersuchung","THO"
http://hl7.org/fhir/ValueSet/diagnostic-report-status,4.0.1,draft,"2.16.840.1.113883.4.642.3.235",DiagnosticReportStatus,DiagnosticReportStatus,"The status of the diagnostic report.","StructureDefinition/mii-pr-labor-laborbefund","hl7.fhir.r4.core"
http://hl7.org/fhir/ValueSet/diagnostic-service-sections,4.0.1,draft,"2.16.840.1.113883.4.642.3.234",DiagnosticServiceSectionCodes,Diagnostic Service Section Codes,"This value set includes all the codes in HL7 V2 table 0074.","StructureDefinition/mii-pr-labor-laborbefund","THO (V2)"
http://hl7.org/fhir/ValueSet/identifier-type,4.0.1,active,"2.16.840.1.113883.4.642.3.45",Identifier Type Codes,IdentifierType,"A coded type for an identifier that can be used to determine which identifier to use for a specific purpose.","StructureDefinition/mii-pr-labor-laboranforderung,StructureDefinition/mii-pr-labor-laborbefund,ValueSet/mii-vs-labor-identifier-type-codes","THO (V2)"
http://hl7.org/fhir/ValueSet/identifier-use,4.0.1,active,"2.16.840.1.113883.4.642.3.57",IdentifierUse,IdentifierUse,"Identifies the purpose for this identifier, if known .","StructureDefinition/mii-pr-labor-laboranforderung,StructureDefinition/mii-pr-labor-laborbefund,StructureDefinition/mii-pr-labor-laboruntersuchung","hl7.fhir.r4.core"
http://hl7.org/fhir/ValueSet/languages,4.0.1,draft,"2.16.840.1.113883.4.642.3.20",CommonLanguages,Common Languages,"This value set includes common codes from BCP-47 (http://tools.ietf.org/html/bcp47)","StructureDefinition/mii-pr-labor-laboranforderung,StructureDefinition/mii-pr-labor-laborbefund,StructureDefinition/mii-pr-labor-laboruntersuchung","hl7.terminology.r4"
http://hl7.org/fhir/ValueSet/medication-as-needed-reason,4.0.1,draft,"2.16.840.1.113883.4.642.3.96",SNOMEDCTMedicationAsNeededReasonCodes,SNOMED CT Medication As Needed Reason Codes,"This value set includes all clinical findings from SNOMED CT - provided as an exemplar value set.","StructureDefinition/mii-pr-labor-laboranforderung","SCT"
http://hl7.org/fhir/ValueSet/observation-category,4.0.1,draft,"2.16.840.1.113883.4.642.3.403",ObservationCategoryCodes,Observation Category Codes,"Observation Category codes.","StructureDefinition/mii-pr-labor-laboruntersuchung","THO"
http://hl7.org/fhir/ValueSet/observation-codes,4.0.1,draft,"2.16.840.1.113883.4.642.3.396",LOINCCodes,LOINC Codes,"This value set includes all LOINC codes","StructureDefinition/mii-pr-labor-laboruntersuchung","LOINC"
http://hl7.org/fhir/ValueSet/observation-interpretation,4.0.1,active,"2.16.840.1.113883.4.642.3.399",ObservationInterpretationCodes,Observation Interpretation Codes,"A categorical assessment, providing a rough qualitative interpretation of the observation value,    such as “normal”/ “abnormal”,”low” / “high”, “better” / “worse”, “susceptible” / “resistant”, “expected”/ “not expected”.    The value set is intended to be for ANY use where coded representation of an interpretation is needed.             Notes:          This is being communicated in v2.x in OBX-8 (Observation Interpretation), in v3 in ObservationInterpretation (CWE) in R1 (Representative Realm) and in FHIR in    Observation.interpretation. Historically these values come from the laboratory domain, and these codes are extensively    used. The value set binding is extensible, so codes outside the value set that are needed for interpretation concepts    (i.e. particular meanings) that are not included in the value set can be used, and these new codes may also be added to    the value set and published in a future version.","StructureDefinition/mii-pr-labor-laboruntersuchung","THO (V3)"
http://hl7.org/fhir/ValueSet/observation-methods,4.0.1,draft,"2.16.840.1.113883.4.642.3.395",ObservationMethods,Observation Methods,"Observation Method codes from [SNOMED CT](http://snomed.info/sct) where concept is-a 272394005 (Technique (qualifier value)) or is-a 129264002 (Action (qualifier value)) or is-a 386053000 (Evaluation procedure(procedure))","StructureDefinition/mii-pr-labor-laboruntersuchung","SCT"
http://hl7.org/fhir/ValueSet/observation-status,4.0.1,active,"2.16.840.1.113883.4.642.3.400",ObservationStatus,ObservationStatus,"Codes providing the status of an observation.","StructureDefinition/mii-pr-labor-laboruntersuchung","hl7.fhir.r4.core"
http://hl7.org/fhir/ValueSet/participant-role,4.0.1,draft,"2.16.840.1.113883.4.642.3.152",ParticipantRoles,Participant Roles,"Roles of participants that may be included in a care team.  Defined as: Is a Person, Healthcare professional (occupation) or Healthcare related organization (qualifier value).","StructureDefinition/mii-pr-labor-laboranforderung","SCT"
http://hl7.org/fhir/ValueSet/procedure-reason,4.0.1,draft,"2.16.840.1.113883.4.642.3.432",ProcedureReasonCodes,Procedure Reason Codes,"This example value set defines the set of codes that can be used to indicate a reason for a procedure.","StructureDefinition/mii-pr-labor-laboranforderung","SCT"
http://hl7.org/fhir/ValueSet/quantity-comparator,4.0.1,active,"2.16.840.1.113883.4.642.3.59",QuantityComparator,QuantityComparator,"How the Quantity should be understood and represented.","StructureDefinition/mii-pr-labor-laboruntersuchung","hl7.fhir.r4.core"
http://hl7.org/fhir/ValueSet/referencerange-appliesto,4.0.1,draft,"2.16.840.1.113883.4.642.3.407",ObservationReferenceRangeAppliesToCodes,Observation Reference Range Applies To Codes,"This value set defines a set of codes that can be used to indicate the particular target population the reference range applies to.","StructureDefinition/mii-pr-labor-laboruntersuchung","SCT"
http://hl7.org/fhir/ValueSet/referencerange-meaning,4.0.1,draft,"2.16.840.1.113883.4.642.3.397",ObservationReferenceRangeMeaningCodes,Observation Reference Range Meaning Codes,"This value set defines a set of codes that can be used to indicate the meaning/use of a reference range for a particular target population.","StructureDefinition/mii-pr-labor-laboruntersuchung","THO"
http://hl7.org/fhir/ValueSet/report-codes,4.0.1,draft,"2.16.840.1.113883.4.642.3.233",LOINCDiagnosticReportCodes,LOINC Diagnostic Report Codes,"This value set includes LOINC codes that relate to Diagnostic Observations.","StructureDefinition/mii-pr-labor-laborbefund","LOINC"
http://hl7.org/fhir/ValueSet/request-intent,4.0.1,draft,"2.16.840.1.113883.4.642.3.113",RequestIntent,RequestIntent,"Codes indicating the degree of authority/intentionality associated with a request.","StructureDefinition/mii-pr-labor-laboranforderung","hl7.fhir.r4.core"
http://hl7.org/fhir/ValueSet/request-priority,4.0.1,draft,"2.16.840.1.113883.4.642.3.115",RequestPriority,Request priority,"The clinical priority of a diagnostic order.","StructureDefinition/mii-pr-labor-laboranforderung","hl7.fhir.r4.core"
http://hl7.org/fhir/ValueSet/request-status,4.0.1,draft,"2.16.840.1.113883.4.642.3.111",RequestStatus,RequestStatus,"Codes identifying the lifecycle stage of a request.","StructureDefinition/mii-pr-labor-laboranforderung","hl7.fhir.r4.core"
http://hl7.org/fhir/ValueSet/resource-types,4.0.1,active,"2.16.840.1.113883.4.642.3.27",ResourceType,ResourceType,"One of the resource types defined as part of this version of FHIR.","StructureDefinition/mii-pr-labor-laboranforderung,StructureDefinition/mii-pr-labor-laborbefund,StructureDefinition/mii-pr-labor-laboruntersuchung","hl7.fhir.r4.core"
http://hl7.org/fhir/ValueSet/security-labels,4.0.1,active,"2.16.840.1.113883.4.642.3.47",All Security Labels,SecurityLabels,"A single value set for all security labels defined by FHIR.","StructureDefinition/mii-pr-labor-laboranforderung,StructureDefinition/mii-pr-labor-laborbefund,StructureDefinition/mii-pr-labor-laboruntersuchung",
http://hl7.org/fhir/ValueSet/servicerequest-category,4.0.1,draft,"2.16.840.1.113883.4.642.3.434",ServiceRequestCategoryCodes,Service Request Category Codes,"An example value set of SNOMED CT concepts that can classify a requested service","StructureDefinition/mii-pr-labor-laboranforderung","SCT"
http://hl7.org/fhir/ValueSet/servicerequest-orderdetail,4.0.1,draft,"2.16.840.1.113883.4.642.3.435",ServiceRequestOrderDetailsCodes,Service Request Order Details Codes,"An example value set of Codified order entry details concepts.  These concepts only make sense in the context of what is being ordered.  This example is for a patient ventilation order","StructureDefinition/mii-pr-labor-laboranforderung","SCT"
http://hl7.org/fhir/uv/ips/ValueSet/results-laboratory-pathology-observations-uv-ips,2.0.1,active,,ResultsLaboratoryPathologyObservationUvIps,Results Laboratory/Pathology Observation - IPS,"Value Set Definition: LOINC {STATUS in {ACTIVE}, CLASSTYPE in {Laboratory class (1)}, CLASS exclude {LP62148-9 (NR STATS), LP175679-2 (H&P.HX.LAB), LP7785-1 (CHALSKIN), LP94892-4 (LABORDERS)}}","StructureDefinition/mii-pr-labor-laboruntersuchung","LOINC"
http://terminology.hl7.org/ValueSet/v3-ServiceDeliveryLocationRoleType,3.0.0,active,"2.16.840.1.113883.1.11.17660",ServiceDeliveryLocationRoleType,ServiceDeliveryLocationRoleType,"A role of a place that further classifies the setting (e.g., accident site, road side, work site, community location) in which services are delivered.","StructureDefinition/mii-pr-labor-laboranforderung","THO (V3)"
https://www.medizininformatik-initiative.de/fhir/core/modul-labor/ValueSet/Laborbereich,2027.0.0,active,,MII_VS_Labor_Laborbereich,MII VS Labor Laborbereich,"Laboruntersuchungen werden in diagnostische Fachbereiche (untersuchende Fachbereiche) gruppiert.",,"THO (V2),LOINC"
https://www.medizininformatik-initiative.de/fhir/core/modul-labor/ValueSet/Laborergebnis-qualitativ,2027.0.0,active,,MII_VS_Labor_Laborergebnis_Qualitativ,MII VS Labor Laborergebnis Qualitativ,"Kodierung für qualitative Laborergebnisse","StructureDefinition/mii-pr-labor-laboruntersuchung","SCT"
https://www.medizininformatik-initiative.de/fhir/core/modul-labor/ValueSet/Laborergebnis-semiquantitativ,2027.0.0,active,,MII_VS_Labor_Laborergbenis_Semiquantitativ,MII VS Labor Laborergbenis Semiquantitativ,"Kodierung für semi-quantitative Laborergebnisse","StructureDefinition/mii-pr-labor-laboruntersuchung","SCT"
https://www.medizininformatik-initiative.de/fhir/core/modul-labor/ValueSet/QuelleKlinischesBezugsdatum,2027.0.0,active,,MII_VS_Labor_Quelle_Klinisches_Bezugsdatum,MII VS Labor Quelle klinisches Bezugsdatum,"Kodierung der Quelle des klinischen Bezugsdatums","StructureDefinition/mii-ex-labor-quelle-klinisches-bezugsdatum","SCT"
https://www.medizininformatik-initiative.de/fhir/core/modul-labor/ValueSet/ValueSetOrderCodes,2027.0.0,active,,MII_VS_Labor_Order_Codes,MII VS Labor Order Codes,"Kodierung der Beauftragungen von Laboruntersuchungen","StructureDefinition/mii-pr-labor-laboranforderung","LOINC"
https://www.medizininformatik-initiative.de/fhir/core/modul-labor/ValueSet/mii-vs-labor-identifier-type-codes,2027.0.0,active,,MII_VS_Labor_Identifier_Type_Codes,MII VS Labor Identifier Type Codes,"Type-Codes, um zu bestimmen, welcher Identifier für einen bestimmten Zweck zu verwenden ist.","StructureDefinition/mii-pr-labor-laboruntersuchung","THO (V2)"
https://www.medizininformatik-initiative.de/fhir/core/modul-labor/ValueSet/mii-vs-labor-interpretation-eigenschaften-snomedct,2027.0.0,active,,MII_VS_Labor_InterpretationsbeeinflussendeEigenschaft_SNOMEDCT,MII VS Labor Interpretationsbeeinflussende Eigenschaften SNOMEDCT,"Codes zur Beschreibung von interpretationsbeeinflussenden Eigenschaften der Laboruntersuchung oder Probe.","StructureDefinition/mii-ex-labor-interpretationsbeeinflussende-eigenschaft","SCT"
